-- phpMyAdmin SQL Dump
-- version 5.2.1
-- https://www.phpmyadmin.net/
--
-- Host: 127.0.0.1
-- Generation Time: Feb 26, 2026 at 12:10 PM
-- Server version: 10.4.32-MariaDB
-- PHP Version: 8.0.30

SET SQL_MODE = "NO_AUTO_VALUE_ON_ZERO";
START TRANSACTION;
SET time_zone = "+00:00";


/*!40101 SET @OLD_CHARACTER_SET_CLIENT=@@CHARACTER_SET_CLIENT */;
/*!40101 SET @OLD_CHARACTER_SET_RESULTS=@@CHARACTER_SET_RESULTS */;
/*!40101 SET @OLD_COLLATION_CONNECTION=@@COLLATION_CONNECTION */;
/*!40101 SET NAMES utf8mb4 */;

--
-- Database: `schedule`
--

-- --------------------------------------------------------

--
-- Table structure for table `admins`
--

CREATE TABLE `admins` (
  `adm_id` int(11) NOT NULL,
  `adm_name` varchar(255) DEFAULT NULL,
  `adm_username` varchar(100) DEFAULT NULL,
  `adm_password` varchar(255) DEFAULT NULL,
  `adm_email` varchar(150) DEFAULT NULL,
  `adm_created_at` timestamp NOT NULL DEFAULT current_timestamp()
) ENGINE=InnoDB DEFAULT CHARSET=utf8mb4 COLLATE=utf8mb4_general_ci;

--
-- Dumping data for table `admins`
--

INSERT INTO `admins` (`adm_id`, `adm_name`, `adm_username`, `adm_password`, `adm_email`, `adm_created_at`) VALUES
(2, 'ผู้ดูแลระบบ สูงสุด', 'admin', '$2y$10$/TMsCgiHJqFLYXUrI7VGTu9Ce9bCgoBtDY4nu2RLJXtAVFGAko1Ey', 'admin@tech.ac.th', '2025-12-01 04:44:31');

-- --------------------------------------------------------

--
-- Table structure for table `career_groups`
--

CREATE TABLE `career_groups` (
  `car_id` int(11) NOT NULL,
  `car_code` varchar(50) NOT NULL,
  `car_name` varchar(255) NOT NULL,
  `cur_id` int(11) NOT NULL,
  `typ_id` int(11) NOT NULL
) ENGINE=InnoDB DEFAULT CHARSET=utf8mb4 COLLATE=utf8mb4_general_ci;

--
-- Dumping data for table `career_groups`
--

INSERT INTO `career_groups` (`car_id`, `car_code`, `car_name`, `cur_id`, `typ_id`) VALUES
(8, '01', 'ฮาร์ดแวร์', 2, 1),
(9, '02', 'ซอฟต์แวร์และการประยุกต์', 2, 1),
(10, '03', 'ธุรกิจดิจิทัลและพาณิชย์อิเล็กทรอนิกส์', 2, 1);

-- --------------------------------------------------------

--
-- Table structure for table `class_groups`
--

CREATE TABLE `class_groups` (
  `cla_id` char(10) NOT NULL,
  `cla_name` varchar(100) DEFAULT NULL,
  `cla_year` smallint(6) DEFAULT NULL,
  `cla_year_code` char(2) DEFAULT NULL,
  `cla_level_code` char(2) DEFAULT NULL,
  `cla_type_code` char(2) DEFAULT NULL,
  `cla_major_code` char(2) DEFAULT NULL,
  `cla_group_no` char(2) DEFAULT NULL,
  `cla_note` varchar(255) DEFAULT NULL,
  `cla_created_at` timestamp NOT NULL DEFAULT current_timestamp(),
  `tea_id` int(11) DEFAULT NULL COMMENT 'รหัสครูที่ปรึกษา'
) ENGINE=InnoDB DEFAULT CHARSET=utf8mb4 COLLATE=utf8mb4_general_ci;

--
-- Dumping data for table `class_groups`
--

INSERT INTO `class_groups` (`cla_id`, `cla_name`, `cla_year`, `cla_year_code`, `cla_level_code`, `cla_type_code`, `cla_major_code`, `cla_group_no`, `cla_note`, `cla_created_at`, `tea_id`) VALUES
('6802010201', 'สสส', 2568, '68', '02', '01', '02', '01', '', '2025-12-02 08:45:09', 17),
('6802010402', 'สสส', 2568, '68', '02', '01', '04', '02', '', '2025-12-03 17:38:04', 2),
('6902010201', 'สสส', 2569, '69', '02', '01', '02', '01', '', '2026-01-18 16:03:58', 12),
('6902010202', 'สสส', 2569, '69', '02', '01', '02', '02', '', '2026-01-19 02:36:49', 14);

-- --------------------------------------------------------

--
-- Table structure for table `curriculums`
--

CREATE TABLE `curriculums` (
  `cur_id` int(11) NOT NULL,
  `cur_year` int(11) NOT NULL COMMENT 'ปีหลักสูตร',
  `cur_start_year` int(11) DEFAULT NULL COMMENT 'เริ่มใช้ปี',
  `cur_end_year` int(11) DEFAULT NULL COMMENT 'สิ้นสุดปี',
  `lev_id` int(11) NOT NULL
) ENGINE=InnoDB DEFAULT CHARSET=utf8mb4 COLLATE=utf8mb4_general_ci;

--
-- Dumping data for table `curriculums`
--

INSERT INTO `curriculums` (`cur_id`, `cur_year`, `cur_start_year`, `cur_end_year`, `lev_id`) VALUES
(1, 2567, 2567, 2569, 1),
(2, 2567, 2567, 2569, 2),
(4, 2567, 2567, 2569, 3);

-- --------------------------------------------------------

--
-- Table structure for table `days`
--

CREATE TABLE `days` (
  `day_id` tinyint(4) NOT NULL,
  `day_name` varchar(20) NOT NULL
) ENGINE=InnoDB DEFAULT CHARSET=utf8mb4 COLLATE=utf8mb4_general_ci;

--
-- Dumping data for table `days`
--

INSERT INTO `days` (`day_id`, `day_name`) VALUES
(1, 'จันทร์'),
(2, 'อังคาร'),
(3, 'พุธ'),
(4, 'พฤหัสบดี'),
(5, 'ศุกร์'),
(6, 'เสาร์'),
(7, 'อาทิตย์');

-- --------------------------------------------------------

--
-- Table structure for table `levels`
--

CREATE TABLE `levels` (
  `lev_id` int(11) NOT NULL,
  `lev_code` varchar(50) NOT NULL,
  `lev_name` varchar(255) NOT NULL
) ENGINE=InnoDB DEFAULT CHARSET=utf8mb4 COLLATE=utf8mb4_general_ci;

--
-- Dumping data for table `levels`
--

INSERT INTO `levels` (`lev_id`, `lev_code`, `lev_name`) VALUES
(1, '01', 'ประกาศนียบัตรวิชาชีพ (ปวช)'),
(2, '02', 'ประกาศนียบัตรวิชาชีพชั้นสูง (ปวส)'),
(3, '03', 'ปริญญาตรี (ป.ตรี)');

-- --------------------------------------------------------

--
-- Table structure for table `majors`
--

CREATE TABLE `majors` (
  `maj_id` int(11) NOT NULL,
  `maj_code` varchar(50) NOT NULL,
  `maj_name` varchar(255) NOT NULL,
  `cur_id` int(11) NOT NULL,
  `typ_id` int(11) NOT NULL,
  `car_id` int(11) NOT NULL
) ENGINE=InnoDB DEFAULT CHARSET=utf8mb4 COLLATE=utf8mb4_general_ci;

--
-- Dumping data for table `majors`
--

INSERT INTO `majors` (`maj_id`, `maj_code`, `maj_name`, `cur_id`, `typ_id`, `car_id`) VALUES
(13, '01', 'เทคโนโลยีคอมพิวเตอร์', 2, 1, 8),
(14, '02', 'เทคโนโลยีสารสนเทศ', 2, 1, 9),
(15, '03', 'คอมพิวเตอร์โปรแกรมเมอร์', 2, 1, 9),
(16, '04', 'คอมพิวเตอร์เกมและแอนิเมชัน', 2, 1, 9),
(17, '05', 'เทคโนโลยีปัญญาประดิษฐ์', 2, 1, 9),
(18, '06', 'เทคโนโลยีโลกเสมือนจริง', 2, 1, 9),
(19, '07', 'เครือข่ายคอมพิวเตอร์และความปลอดภัย', 2, 1, 9),
(20, '08', 'เทคโนโลยีธุรกิจดิจิทัล', 2, 1, 10);

-- --------------------------------------------------------

--
-- Table structure for table `plan_subjects`
--

CREATE TABLE `plan_subjects` (
  `pls_id` int(11) NOT NULL,
  `pla_id` int(11) NOT NULL,
  `pls_semester` tinyint(4) DEFAULT NULL,
  `pls_academic_year` smallint(6) DEFAULT NULL,
  `sub_id` int(11) NOT NULL,
  `tea_id` int(11) DEFAULT NULL,
  `pls_note` varchar(255) DEFAULT NULL,
  `pls_created_at` timestamp NOT NULL DEFAULT current_timestamp()
) ENGINE=InnoDB DEFAULT CHARSET=utf8mb4 COLLATE=utf8mb4_general_ci;

--
-- Dumping data for table `plan_subjects`
--

INSERT INTO `plan_subjects` (`pls_id`, `pla_id`, `pls_semester`, `pls_academic_year`, `sub_id`, `tea_id`, `pls_note`, `pls_created_at`) VALUES
(115, 17, 1, 2569, 57, 2, NULL, '2026-02-12 11:02:36'),
(116, 17, 1, 2569, 53, 2, NULL, '2026-02-13 15:08:00'),
(117, 17, 1, 2569, 54, 4, NULL, '2026-02-13 15:08:00'),
(118, 17, 1, 2569, 59, 3, NULL, '2026-02-13 15:08:00'),
(119, 17, 1, 2569, 87, 6, NULL, '2026-02-13 15:08:00'),
(120, 17, 1, 2569, 8, 6, NULL, '2026-02-13 15:08:00'),
(121, 17, 1, 2569, 104, 12, NULL, '2026-02-13 15:08:00'),
(122, 17, 1, 2569, 121, 18, NULL, '2026-02-13 15:08:00'),
(123, 17, 1, 2569, 123, 17, NULL, '2026-02-13 15:08:00');

-- --------------------------------------------------------

--
-- Table structure for table `plan_subject_cart`
--

CREATE TABLE `plan_subject_cart` (
  `id` int(11) NOT NULL,
  `pla_id` int(11) NOT NULL,
  `sub_id` int(11) NOT NULL,
  `created_at` timestamp NOT NULL DEFAULT current_timestamp()
) ENGINE=InnoDB DEFAULT CHARSET=utf8mb4 COLLATE=utf8mb4_general_ci;

--
-- Dumping data for table `plan_subject_cart`
--

INSERT INTO `plan_subject_cart` (`id`, `pla_id`, `sub_id`, `created_at`) VALUES
(1, 17, 59, '2026-02-12 10:05:42'),
(2, 17, 57, '2026-02-12 10:05:44'),
(3, 17, 58, '2026-02-12 10:05:45'),
(4, 17, 54, '2026-02-12 10:05:46'),
(5, 17, 86, '2026-02-12 10:05:49'),
(6, 17, 85, '2026-02-12 10:05:50'),
(7, 17, 87, '2026-02-12 10:05:52'),
(8, 17, 92, '2026-02-12 10:06:02'),
(9, 17, 99, '2026-02-12 10:06:03'),
(10, 17, 111, '2026-02-12 10:06:04'),
(11, 17, 107, '2026-02-12 10:06:05'),
(12, 17, 8, '2026-02-12 10:06:10'),
(13, 17, 53, '2026-02-12 10:06:13'),
(14, 17, 121, '2026-02-12 10:06:15'),
(15, 17, 104, '2026-02-12 10:06:19'),
(16, 17, 122, '2026-02-12 10:06:27'),
(17, 17, 120, '2026-02-12 10:06:30'),
(18, 17, 119, '2026-02-12 10:49:24'),
(19, 17, 123, '2026-02-12 10:49:27'),
(20, 17, 125, '2026-02-12 10:49:30');

-- --------------------------------------------------------

--
-- Table structure for table `rooms`
--

CREATE TABLE `rooms` (
  `roo_id` varchar(20) NOT NULL,
  `roo_name` varchar(255) DEFAULT NULL,
  `roo_building` varchar(100) DEFAULT NULL,
  `roo_floor` varchar(50) DEFAULT NULL,
  `roo_type` varchar(100) DEFAULT NULL,
  `tea_incharge` int(11) DEFAULT NULL,
  `roo_capacity` int(11) DEFAULT 0,
  `roo_note` varchar(255) DEFAULT NULL,
  `roo_created_at` timestamp NOT NULL DEFAULT current_timestamp()
) ENGINE=InnoDB DEFAULT CHARSET=utf8mb4 COLLATE=utf8mb4_general_ci;

--
-- Dumping data for table `rooms`
--

INSERT INTO `rooms` (`roo_id`, `roo_name`, `roo_building`, `roo_floor`, `roo_type`, `tea_incharge`, `roo_capacity`, `roo_note`, `roo_created_at`) VALUES
('111', 'Computer Lab', '1', '1', 'ห้องปฎิบัติการ', NULL, 40, NULL, '2025-12-01 06:22:58'),
('112', 'Network Lab', '1', '1', 'ห้องปฎิบัติการ', NULL, 40, NULL, '2025-12-03 17:09:46'),
('113', 'Business Lab', '1', '1', 'ห้องปฎิบัติการ', NULL, 40, NULL, '2025-12-03 17:10:06'),
('114', 'Multimedia Lab', '1', '1', 'ห้องปฎิบัติการ', NULL, 40, NULL, '2025-12-03 17:12:11'),
('115', 'Data/AI Lab', '1', '1', 'ห้องปฎิบัติการ', NULL, 40, NULL, '2025-12-09 03:11:27'),
('121', 'Lecture Room 1', '1', '2', 'ห้องเรียนสามัญ', NULL, 40, NULL, '2025-12-03 04:40:05'),
('122', 'Lecture Room 2', '1', '2', 'ห้องเรียนสามัญ', NULL, 40, NULL, '2025-12-03 17:12:28'),
('123', 'Lecture Room 3', '1', '2', 'ห้องเรียนสามัญ', NULL, 40, NULL, '2025-12-03 17:12:45'),
('124', 'Lecture Room 4', '1', '2', 'ห้องเรียนสามัญ', NULL, 40, NULL, '2025-12-05 17:46:05');

-- --------------------------------------------------------

--
-- Table structure for table `schedule`
--

CREATE TABLE `schedule` (
  `sch_id` int(11) NOT NULL,
  `cla_id` char(10) NOT NULL,
  `sub_id` int(11) NOT NULL,
  `tea_id` int(11) NOT NULL,
  `roo_id` varchar(20) NOT NULL,
  `day_id` tinyint(4) NOT NULL,
  `tim_id` int(11) NOT NULL,
  `sch_academic_year` smallint(6) DEFAULT NULL,
  `sch_semester` tinyint(4) DEFAULT NULL,
  `sch_hours` int(11) DEFAULT 1,
  `sch_note` varchar(255) DEFAULT NULL,
  `sch_created_at` timestamp NOT NULL DEFAULT current_timestamp()
) ENGINE=InnoDB DEFAULT CHARSET=utf8mb4 COLLATE=utf8mb4_general_ci;

--
-- Dumping data for table `schedule`
--

INSERT INTO `schedule` (`sch_id`, `cla_id`, `sub_id`, `tea_id`, `roo_id`, `day_id`, `tim_id`, `sch_academic_year`, `sch_semester`, `sch_hours`, `sch_note`, `sch_created_at`) VALUES
(0, '6802010201', 104, 12, '124', 5, 1, 2569, 1, 4, NULL, '2026-02-13 15:09:20'),
(0, '6802010201', 104, 12, '124', 5, 2, 2569, 1, 4, NULL, '2026-02-13 15:09:20'),
(0, '6802010201', 104, 12, '124', 5, 3, 2569, 1, 4, NULL, '2026-02-13 15:09:20'),
(0, '6802010201', 104, 12, '124', 5, 4, 2569, 1, 4, NULL, '2026-02-13 15:09:20'),
(0, '6802010402', 104, 12, '111', 3, 1, 2569, 1, 4, NULL, '2026-02-13 15:09:20'),
(0, '6802010402', 104, 12, '111', 3, 2, 2569, 1, 4, NULL, '2026-02-13 15:09:20'),
(0, '6802010402', 104, 12, '111', 3, 3, 2569, 1, 4, NULL, '2026-02-13 15:09:20'),
(0, '6802010402', 104, 12, '111', 3, 4, 2569, 1, 4, NULL, '2026-02-13 15:09:20'),
(0, '6902010201', 104, 12, '123', 3, 6, 2569, 1, 4, NULL, '2026-02-13 15:09:20'),
(0, '6902010201', 104, 12, '123', 3, 7, 2569, 1, 4, NULL, '2026-02-13 15:09:20'),
(0, '6902010201', 104, 12, '123', 3, 8, 2569, 1, 4, NULL, '2026-02-13 15:09:20'),
(0, '6902010201', 104, 12, '123', 3, 9, 2569, 1, 4, NULL, '2026-02-13 15:09:20'),
(0, '6902010202', 104, 12, '114', 1, 1, 2569, 1, 4, NULL, '2026-02-13 15:09:20'),
(0, '6902010202', 104, 12, '114', 1, 2, 2569, 1, 4, NULL, '2026-02-13 15:09:20'),
(0, '6902010202', 104, 12, '114', 1, 3, 2569, 1, 4, NULL, '2026-02-13 15:09:20'),
(0, '6902010202', 104, 12, '114', 1, 4, 2569, 1, 4, NULL, '2026-02-13 15:09:20'),
(0, '6802010201', 8, 6, '123', 3, 1, 2569, 1, 2, NULL, '2026-02-13 15:09:20'),
(0, '6802010201', 8, 6, '123', 3, 2, 2569, 1, 2, NULL, '2026-02-13 15:09:20'),
(0, '6802010402', 8, 6, '113', 4, 1, 2569, 1, 2, NULL, '2026-02-13 15:09:20'),
(0, '6802010402', 8, 6, '113', 4, 2, 2569, 1, 2, NULL, '2026-02-13 15:09:20'),
(0, '6902010201', 8, 6, '113', 3, 3, 2569, 1, 2, NULL, '2026-02-13 15:09:20'),
(0, '6902010201', 8, 6, '113', 3, 4, 2569, 1, 2, NULL, '2026-02-13 15:09:20'),
(0, '6902010202', 8, 6, '121', 1, 6, 2569, 1, 2, NULL, '2026-02-13 15:09:20'),
(0, '6902010202', 8, 6, '121', 1, 7, 2569, 1, 2, NULL, '2026-02-13 15:09:20'),
(0, '6802010201', 53, 2, '122', 1, 1, 2569, 1, 2, NULL, '2026-02-13 15:09:20'),
(0, '6802010201', 53, 2, '122', 1, 2, 2569, 1, 2, NULL, '2026-02-13 15:09:20'),
(0, '6802010402', 53, 2, '115', 1, 3, 2569, 1, 2, NULL, '2026-02-13 15:09:20'),
(0, '6802010402', 53, 2, '115', 1, 4, 2569, 1, 2, NULL, '2026-02-13 15:09:20'),
(0, '6902010201', 53, 2, '114', 2, 3, 2569, 1, 2, NULL, '2026-02-13 15:09:20'),
(0, '6902010201', 53, 2, '114', 2, 4, 2569, 1, 2, NULL, '2026-02-13 15:09:20'),
(0, '6902010202', 53, 2, '113', 2, 7, 2569, 1, 2, NULL, '2026-02-13 15:09:20'),
(0, '6902010202', 53, 2, '113', 2, 8, 2569, 1, 2, NULL, '2026-02-13 15:09:20'),
(0, '6802010201', 54, 4, '114', 1, 6, 2569, 1, 2, NULL, '2026-02-13 15:09:20'),
(0, '6802010201', 54, 4, '114', 1, 7, 2569, 1, 2, NULL, '2026-02-13 15:09:20'),
(0, '6802010402', 54, 4, '124', 2, 1, 2569, 1, 2, NULL, '2026-02-13 15:09:20'),
(0, '6802010402', 54, 4, '124', 2, 2, 2569, 1, 2, NULL, '2026-02-13 15:09:20'),
(0, '6902010201', 54, 4, '111', 4, 1, 2569, 1, 2, NULL, '2026-02-13 15:09:20'),
(0, '6902010201', 54, 4, '111', 4, 2, 2569, 1, 2, NULL, '2026-02-13 15:09:20'),
(0, '6902010202', 54, 4, '113', 1, 8, 2569, 1, 2, NULL, '2026-02-13 15:09:20'),
(0, '6902010202', 54, 4, '113', 1, 9, 2569, 1, 2, NULL, '2026-02-13 15:09:20'),
(0, '6802010201', 57, 2, '122', 3, 3, 2569, 1, 2, NULL, '2026-02-13 15:09:20'),
(0, '6802010201', 57, 2, '122', 3, 4, 2569, 1, 2, NULL, '2026-02-13 15:09:20'),
(0, '6802010402', 57, 2, '122', 1, 6, 2569, 1, 2, NULL, '2026-02-13 15:09:20'),
(0, '6802010402', 57, 2, '122', 1, 7, 2569, 1, 2, NULL, '2026-02-13 15:09:20'),
(0, '6902010201', 57, 2, '114', 1, 8, 2569, 1, 2, NULL, '2026-02-13 15:09:20'),
(0, '6902010201', 57, 2, '114', 1, 9, 2569, 1, 2, NULL, '2026-02-13 15:09:20'),
(0, '6902010202', 57, 2, '121', 1, 10, 2569, 1, 2, NULL, '2026-02-13 15:09:20'),
(0, '6902010202', 57, 2, '121', 1, 15, 2569, 1, 2, NULL, '2026-02-13 15:09:20'),
(0, '6802010201', 59, 3, '113', 3, 6, 2569, 1, 2, NULL, '2026-02-13 15:09:20'),
(0, '6802010201', 59, 3, '113', 3, 7, 2569, 1, 2, NULL, '2026-02-13 15:09:20'),
(0, '6802010402', 59, 3, '115', 2, 3, 2569, 1, 2, NULL, '2026-02-13 15:09:20'),
(0, '6802010402', 59, 3, '115', 2, 4, 2569, 1, 2, NULL, '2026-02-13 15:09:20'),
(0, '6902010201', 59, 3, '111', 4, 3, 2569, 1, 2, NULL, '2026-02-13 15:09:20'),
(0, '6902010201', 59, 3, '111', 4, 4, 2569, 1, 2, NULL, '2026-02-13 15:09:20'),
(0, '6902010202', 59, 3, '123', 4, 1, 2569, 1, 2, NULL, '2026-02-13 15:09:20'),
(0, '6902010202', 59, 3, '123', 4, 2, 2569, 1, 2, NULL, '2026-02-13 15:09:20'),
(0, '6802010201', 87, 6, '113', 1, 3, 2569, 1, 2, NULL, '2026-02-13 15:09:20'),
(0, '6802010201', 87, 6, '113', 1, 4, 2569, 1, 2, NULL, '2026-02-13 15:09:20'),
(0, '6802010402', 87, 6, '124', 4, 3, 2569, 1, 2, NULL, '2026-02-13 15:09:20'),
(0, '6802010402', 87, 6, '124', 4, 4, 2569, 1, 2, NULL, '2026-02-13 15:09:20'),
(0, '6902010201', 87, 6, '113', 3, 10, 2569, 1, 2, NULL, '2026-02-13 15:09:20'),
(0, '6902010201', 87, 6, '113', 3, 15, 2569, 1, 2, NULL, '2026-02-13 15:09:20'),
(0, '6902010202', 87, 6, '111', 5, 1, 2569, 1, 2, NULL, '2026-02-13 15:09:20'),
(0, '6902010202', 87, 6, '111', 5, 2, 2569, 1, 2, NULL, '2026-02-13 15:09:20'),
(0, '6802010201', 121, 18, '122', 2, 1, 2569, 1, 2, NULL, '2026-02-13 15:09:20'),
(0, '6802010201', 121, 18, '122', 2, 2, 2569, 1, 2, NULL, '2026-02-13 15:09:20'),
(0, '6802010402', 121, 18, '114', 1, 10, 2569, 1, 2, NULL, '2026-02-13 15:09:20'),
(0, '6802010402', 121, 18, '114', 1, 15, 2569, 1, 2, NULL, '2026-02-13 15:09:20'),
(0, '6902010201', 121, 18, '113', 5, 1, 2569, 1, 2, NULL, '2026-02-13 15:09:20'),
(0, '6902010201', 121, 18, '113', 5, 2, 2569, 1, 2, NULL, '2026-02-13 15:09:20'),
(0, '6902010202', 121, 18, '122', 5, 3, 2569, 1, 2, NULL, '2026-02-13 15:09:20'),
(0, '6902010202', 121, 18, '122', 5, 4, 2569, 1, 2, NULL, '2026-02-13 15:09:20'),
(0, '6802010201', 123, 17, '122', 4, 1, 2569, 1, 2, NULL, '2026-02-13 15:09:20'),
(0, '6802010201', 123, 17, '122', 4, 2, 2569, 1, 2, NULL, '2026-02-13 15:09:20'),
(0, '6802010402', 123, 17, '124', 1, 1, 2569, 1, 2, NULL, '2026-02-13 15:09:20'),
(0, '6802010402', 123, 17, '124', 1, 2, 2569, 1, 2, NULL, '2026-02-13 15:09:20'),
(0, '6902010201', 123, 17, '124', 4, 6, 2569, 1, 2, NULL, '2026-02-13 15:09:20'),
(0, '6902010201', 123, 17, '124', 4, 7, 2569, 1, 2, NULL, '2026-02-13 15:09:20'),
(0, '6902010202', 123, 17, '123', 5, 6, 2569, 1, 2, NULL, '2026-02-13 15:09:20'),
(0, '6902010202', 123, 17, '123', 5, 7, 2569, 1, 2, NULL, '2026-02-13 15:09:20'),
(0, '6802010201', 53, 2, '122', 3, 8, 2569, 1, 2, NULL, '2026-02-13 15:09:20'),
(0, '6802010201', 53, 2, '122', 3, 9, 2569, 1, 2, NULL, '2026-02-13 15:09:20'),
(0, '6802010402', 53, 2, '124', 2, 10, 2569, 1, 2, NULL, '2026-02-13 15:09:20'),
(0, '6802010402', 53, 2, '124', 2, 15, 2569, 1, 2, NULL, '2026-02-13 15:09:20'),
(0, '6902010201', 53, 2, '123', 4, 9, 2569, 1, 2, NULL, '2026-02-13 15:09:20'),
(0, '6902010201', 53, 2, '123', 4, 10, 2569, 1, 2, NULL, '2026-02-13 15:09:20'),
(0, '6902010202', 53, 2, '123', 4, 6, 2569, 1, 2, NULL, '2026-02-13 15:09:20'),
(0, '6902010202', 53, 2, '123', 4, 7, 2569, 1, 2, NULL, '2026-02-13 15:09:20'),
(0, '6802010201', 54, 4, '122', 5, 6, 2569, 1, 2, NULL, '2026-02-13 15:09:20'),
(0, '6802010201', 54, 4, '122', 5, 7, 2569, 1, 2, NULL, '2026-02-13 15:09:20'),
(0, '6802010402', 54, 4, '123', 5, 1, 2569, 1, 2, NULL, '2026-02-13 15:09:20'),
(0, '6802010402', 54, 4, '123', 5, 2, 2569, 1, 2, NULL, '2026-02-13 15:09:20'),
(0, '6902010201', 54, 4, '121', 5, 3, 2569, 1, 2, NULL, '2026-02-13 15:09:20'),
(0, '6902010201', 54, 4, '121', 5, 4, 2569, 1, 2, NULL, '2026-02-13 15:09:20'),
(0, '6902010202', 54, 4, '122', 4, 3, 2569, 1, 2, NULL, '2026-02-13 15:09:20'),
(0, '6902010202', 54, 4, '122', 4, 4, 2569, 1, 2, NULL, '2026-02-13 15:09:20'),
(0, '6802010201', 57, 2, '121', 5, 8, 2569, 1, 2, NULL, '2026-02-13 15:09:20'),
(0, '6802010201', 57, 2, '121', 5, 9, 2569, 1, 2, NULL, '2026-02-13 15:09:20'),
(0, '6802010402', 57, 2, '122', 3, 6, 2569, 1, 2, NULL, '2026-02-13 15:09:20'),
(0, '6802010402', 57, 2, '122', 3, 7, 2569, 1, 2, NULL, '2026-02-13 15:09:20'),
(0, '6902010201', 57, 2, '124', 3, 1, 2569, 1, 2, NULL, '2026-02-13 15:09:20'),
(0, '6902010201', 57, 2, '124', 3, 2, 2569, 1, 2, NULL, '2026-02-13 15:09:20'),
(0, '6902010202', 57, 2, '124', 3, 10, 2569, 1, 2, NULL, '2026-02-13 15:09:20'),
(0, '6902010202', 57, 2, '124', 3, 15, 2569, 1, 2, NULL, '2026-02-13 15:09:20'),
(0, '6802010201', 59, 3, '122', 3, 10, 2569, 1, 2, NULL, '2026-02-13 15:09:20'),
(0, '6802010201', 59, 3, '122', 3, 15, 2569, 1, 2, NULL, '2026-02-13 15:09:20'),
(0, '6802010402', 59, 3, '122', 4, 6, 2569, 1, 2, NULL, '2026-02-13 15:09:20'),
(0, '6802010402', 59, 3, '122', 4, 7, 2569, 1, 2, NULL, '2026-02-13 15:09:20'),
(0, '6902010201', 59, 3, '124', 2, 6, 2569, 1, 2, NULL, '2026-02-13 15:09:20'),
(0, '6902010201', 59, 3, '124', 2, 7, 2569, 1, 2, NULL, '2026-02-13 15:09:20'),
(0, '6902010202', 59, 3, '123', 2, 1, 2569, 1, 2, NULL, '2026-02-13 15:09:20'),
(0, '6902010202', 59, 3, '123', 2, 2, 2569, 1, 2, NULL, '2026-02-13 15:09:20'),
(0, '6802010201', 104, 12, '113', 2, 3, 2569, 1, 1, NULL, '2026-02-13 15:09:20'),
(0, '6802010402', 104, 12, '111', 3, 10, 2569, 1, 1, NULL, '2026-02-13 15:09:20'),
(0, '6902010201', 104, 12, '112', 4, 8, 2569, 1, 1, NULL, '2026-02-13 15:09:20'),
(0, '6902010202', 104, 12, '122', 5, 8, 2569, 1, 1, NULL, '2026-02-13 15:09:20');

-- --------------------------------------------------------

--
-- Table structure for table `students`
--

CREATE TABLE `students` (
  `stu_id` char(13) NOT NULL,
  `stu_fullname` varchar(255) NOT NULL,
  `stu_gender` enum('M','F','O') DEFAULT 'O',
  `stu_birthdate` date DEFAULT NULL,
  `stu_major_code` char(2) DEFAULT NULL,
  `stu_level_code` char(2) DEFAULT NULL,
  `stu_year` smallint(6) DEFAULT NULL,
  `stu_username` varchar(100) DEFAULT NULL,
  `stu_password` varchar(255) DEFAULT NULL,
  `cla_id` char(10) DEFAULT NULL,
  `stu_created_at` timestamp NOT NULL DEFAULT current_timestamp(),
  `stu_email` varchar(150) DEFAULT NULL,
  `stu_phone` varchar(50) DEFAULT NULL,
  `stu_img` varchar(255) DEFAULT NULL
) ENGINE=InnoDB DEFAULT CHARSET=utf8mb4 COLLATE=utf8mb4_general_ci;

--
-- Dumping data for table `students`
--

INSERT INTO `students` (`stu_id`, `stu_fullname`, `stu_gender`, `stu_birthdate`, `stu_major_code`, `stu_level_code`, `stu_year`, `stu_username`, `stu_password`, `cla_id`, `stu_created_at`, `stu_email`, `stu_phone`, `stu_img`) VALUES
('6802010201001', 'นายวรชัย ต๊ะวงค์', 'M', '2549-02-23', NULL, NULL, NULL, 'worachai', '$2y$10$jtQNtPO3e4wCEF3/mKzy3uUOjudu94FL4dtkg6WRdNLEr60ozhdne', '6802010201', '2025-12-06 04:07:41', 'worachai23249@gmail.com', '0855586077', 'stu_6802010201001_1764994134.jpg'),
('6802010402001', 'นายธัญเทพ กาทู', 'M', NULL, NULL, NULL, NULL, 'ธัญเทพ', '$2y$10$lw.TjTCBxgM6Qns1UfOGM.Kuia49A4JRmRK3zw2d9KdGDMAJGTiOi', '6802010402', '2026-01-17 18:29:14', NULL, NULL, NULL),
('6902010201001', 'นางสาวไอริณา ทักษิณ', 'F', NULL, NULL, NULL, NULL, '1234', '$2y$10$RoWRwcrWyQ1kq/34O9qQru3PuerbJqjzCo/cvhPBolUKNWw/NX5C6', '6902010201', '2026-01-18 16:08:39', NULL, NULL, NULL);

-- --------------------------------------------------------

--
-- Table structure for table `study_plans`
--

CREATE TABLE `study_plans` (
  `pla_id` int(11) NOT NULL,
  `cur_id` int(11) DEFAULT NULL COMMENT 'อ้างอิงหลักสูตร',
  `pla_code` varchar(100) DEFAULT NULL,
  `cla_id` char(10) DEFAULT NULL,
  `pla_name` varchar(255) DEFAULT NULL,
  `pla_start_year` smallint(6) DEFAULT NULL,
  `pla_semester` tinyint(4) NOT NULL DEFAULT 1 COMMENT 'ภาคเรียน',
  `pla_major` varchar(150) DEFAULT NULL,
  `pla_required_credits` int(11) DEFAULT 0,
  `pla_note` varchar(255) DEFAULT NULL,
  `pla_created_at` timestamp NOT NULL DEFAULT current_timestamp()
) ENGINE=InnoDB DEFAULT CHARSET=utf8mb4 COLLATE=utf8mb4_general_ci;

--
-- Dumping data for table `study_plans`
--

INSERT INTO `study_plans` (`pla_id`, `cur_id`, `pla_code`, `cla_id`, `pla_name`, `pla_start_year`, `pla_semester`, `pla_major`, `pla_required_credits`, `pla_note`, `pla_created_at`) VALUES
(17, NULL, '69001', '6902010202', 'เทคโนโลยีสารสนเทศ', 2569, 1, NULL, 0, NULL, '2026-02-12 09:28:28');

-- --------------------------------------------------------

--
-- Table structure for table `study_plan_classes`
--

CREATE TABLE `study_plan_classes` (
  `id` int(11) NOT NULL,
  `pla_id` int(11) NOT NULL,
  `cla_id` varchar(20) NOT NULL
) ENGINE=InnoDB DEFAULT CHARSET=utf8mb4 COLLATE=utf8mb4_general_ci;

--
-- Dumping data for table `study_plan_classes`
--

INSERT INTO `study_plan_classes` (`id`, `pla_id`, `cla_id`) VALUES
(17, 17, '6802010201'),
(16, 17, '6802010402'),
(15, 17, '6902010201'),
(14, 17, '6902010202');

-- --------------------------------------------------------

--
-- Table structure for table `subjects`
--

CREATE TABLE `subjects` (
  `sub_id` int(11) NOT NULL,
  `cur_id` int(11) DEFAULT NULL COMMENT 'รหัสหลักสูตร',
  `sub_code` varchar(50) DEFAULT NULL,
  `sub_name` varchar(255) NOT NULL,
  `sub_th_pr_ot` varchar(50) DEFAULT NULL,
  `sub_credit` int(11) DEFAULT 0,
  `sub_hours` int(11) DEFAULT 0,
  `sub_curriculum` varchar(100) DEFAULT NULL,
  `sub_major_scope` varchar(100) DEFAULT NULL,
  `sug_id` int(11) DEFAULT NULL,
  `maj_id` int(11) DEFAULT NULL,
  `sub_category` varchar(150) DEFAULT NULL,
  `sub_competency` varchar(255) DEFAULT NULL,
  `sub_room_theory` varchar(100) DEFAULT NULL COMMENT 'ห้องเรียนทฤษฎี',
  `sub_room_practice` varchar(100) DEFAULT NULL COMMENT 'ห้องเรียนปฏิบัติ',
  `sub_created_at` timestamp NOT NULL DEFAULT current_timestamp(),
  `sub_preferred_room_type` varchar(100) DEFAULT 'ห้องเรียนทฤษฎี'
) ENGINE=InnoDB DEFAULT CHARSET=utf8mb4 COLLATE=utf8mb4_general_ci;

--
-- Dumping data for table `subjects`
--

INSERT INTO `subjects` (`sub_id`, `cur_id`, `sub_code`, `sub_name`, `sub_th_pr_ot`, `sub_credit`, `sub_hours`, `sub_curriculum`, `sub_major_scope`, `sug_id`, `maj_id`, `sub_category`, `sub_competency`, `sub_room_theory`, `sub_room_practice`, `sub_created_at`, `sub_preferred_room_type`) VALUES
(1, 2, '30000-1101', 'ทักษะภาษาไทยเพื่อการสื่อสารในงานอาชีพ', '1-2-2', 2, 3, NULL, NULL, 1, NULL, NULL, 'กลุ่มสมรรถนะภาษาและการสื่อสาร', NULL, NULL, '2025-12-03 09:05:41', 'ห้องเรียนสามัญ'),
(2, 2, '30000-1102', 'ทักษะการเขียนและการพูดภาษาไทยในงานอาชีพ', '1-2-2', 2, 3, NULL, NULL, 1, NULL, NULL, 'กลุ่มสมรรถนะภาษาและการสื่อสาร', NULL, NULL, '2025-12-03 09:05:41', 'ห้องเรียนสามัญ'),
(3, 2, '30000-1103', 'ทักษะภาษาไทยเพื่อการนำเสนอเชิงวิชาชีพ', '1-2-2', 2, 3, NULL, NULL, 1, NULL, NULL, 'กลุ่มสมรรถนะภาษาและการสื่อสาร', NULL, NULL, '2025-12-03 09:05:41', 'ห้องเรียนสามัญ'),
(4, 2, '30000-1104', 'ทักษะภาษาไทยเชิงสร้างสรรค์', '1-2-2', 2, 3, NULL, NULL, 1, NULL, NULL, 'กลุ่มสมรรถนะภาษาและการสื่อสาร', NULL, NULL, '2025-12-03 09:05:41', 'ห้องเรียนสามัญ'),
(5, 2, '30000-1201', 'ภาษาอังกฤษสำหรับงานอาชีพ', '1-2-2', 2, 3, NULL, NULL, 1, NULL, NULL, 'กลุ่มสมรรถนะภาษาและการสื่อสาร', NULL, NULL, '2025-12-03 09:05:41', 'ห้องเรียนสามัญ'),
(6, 2, '30000-1202', 'การเขียนและการนำเสนอโครงงานภาษาอังกฤษ', '0-2-1', 1, 2, NULL, NULL, 1, NULL, NULL, 'กลุ่มสมรรถนะภาษาและการสื่อสาร', NULL, NULL, '2025-12-03 09:05:41', 'ห้องเรียนสามัญ'),
(7, 2, '30000-1203', 'ภาษาอังกฤษสำหรับเทคโนโลยีอุตสาหกรรม', '0-2-1', 1, 2, NULL, NULL, 1, NULL, NULL, 'กลุ่มสมรรถนะภาษาและการสื่อสาร', NULL, NULL, '2025-12-03 09:05:41', 'ห้องเรียนสามัญ'),
(8, 2, '30000-1204', 'ภาษาอังกฤษสำหรับอุตสาหกรรมอิเล็กทรอนิกส์', '0-2-1', 1, 2, NULL, NULL, 1, NULL, NULL, 'กลุ่มสมรรถนะภาษาและการสื่อสาร', NULL, NULL, '2025-12-03 09:05:41', 'ห้องเรียนสามัญ'),
(9, 2, '30000-1205', 'ภาษาอังกฤษสำหรับช่างเมคคาทรอนิกส์', '0-2-1', 1, 2, NULL, NULL, 1, NULL, NULL, 'กลุ่มสมรรถนะภาษาและการสื่อสาร', NULL, NULL, '2025-12-03 09:05:41', 'ห้องเรียนสามัญ'),
(10, 2, '30000-1206', 'ภาษาอังกฤษสำหรับเทคโนโลยีธุรกิจดิจิทัล', '0-2-1', 1, 2, NULL, NULL, 1, NULL, NULL, 'กลุ่มสมรรถนะภาษาและการสื่อสาร', NULL, NULL, '2025-12-03 09:05:41', 'ห้องเรียนสามัญ'),
(11, 2, '30000-1207', 'ภาษาอังกฤษสำหรับงานโรงแรม', '1-2-2', 2, 3, NULL, NULL, 1, NULL, NULL, 'กลุ่มสมรรถนะภาษาและการสื่อสาร', NULL, NULL, '2025-12-03 09:05:41', 'ห้องเรียนสามัญ'),
(12, 2, '30000-1208', 'ภาษาอังกฤษสำหรับงานการค้าระหว่างประเทศ', '0-2-1', 1, 2, NULL, NULL, 1, NULL, NULL, 'กลุ่มสมรรถนะภาษาและการสื่อสาร', NULL, NULL, '2025-12-03 09:05:41', 'ห้องเรียนสามัญ'),
(13, 2, '30000-1209', 'ภาษาอังกฤษสำหรับเกษตรและประมง', '0-2-1', 1, 2, NULL, NULL, 1, NULL, NULL, 'กลุ่มสมรรถนะภาษาและการสื่อสาร', NULL, NULL, '2025-12-03 09:05:41', 'ห้องเรียนสามัญ'),
(14, 2, '30000-1210', 'ภาษาอังกฤษสำหรับเทคโนโลยีอุตสาหกรรมเกษตร', '1-2-2', 2, 3, NULL, NULL, 1, NULL, NULL, 'กลุ่มสมรรถนะภาษาและการสื่อสาร', NULL, NULL, '2025-12-03 09:05:41', 'ห้องเรียนสามัญ'),
(15, 2, '30000-1211', 'ภาษาอังกฤษสำหรับเทคโนโลยีและนวัตกรรมเกษตร', '1-2-2', 2, 3, NULL, NULL, 1, NULL, NULL, 'กลุ่มสมรรถนะภาษาและการสื่อสาร', NULL, NULL, '2025-12-03 09:05:41', 'ห้องเรียนสามัญ'),
(16, 2, '30000-1212', 'ภาษาอังกฤษสำหรับงานอุตสาหกรรมดิจิทัลและเทคโนโลยีสารสนเทศ', '0-2-1', 1, 2, NULL, NULL, 1, NULL, NULL, 'กลุ่มสมรรถนะภาษาและการสื่อสาร', NULL, NULL, '2025-12-03 09:05:41', 'ห้องเรียนสามัญ'),
(17, 2, '30000-1213', 'ภาษาอังกฤษสำหรับงานอุตสาหกรรมบันเทิงและดนตรี', '0-2-1', 1, 2, NULL, NULL, 1, NULL, NULL, 'กลุ่มสมรรถนะภาษาและการสื่อสาร', NULL, NULL, '2025-12-03 09:05:41', 'ห้องเรียนสามัญ'),
(18, 2, '30000-1214', 'ภาษาอังกฤษสำหรับงานบริการอาหารและเครื่องดื่ม', '0-2-1', 1, 2, NULL, NULL, 1, NULL, NULL, 'กลุ่มสมรรถนะภาษาและการสื่อสาร', NULL, NULL, '2025-12-03 09:05:41', 'ห้องเรียนสามัญ'),
(19, 2, '30000-1215', 'ภาษาอังกฤษสำหรับการปฏิบัติงานครัวอาหารไทย', '0-2-1', 1, 2, NULL, NULL, 1, NULL, NULL, 'กลุ่มสมรรถนะภาษาและการสื่อสาร', NULL, NULL, '2025-12-03 09:05:41', 'ห้องเรียนสามัญ'),
(20, 2, '30000-1216', 'ภาษาอังกฤษทางทะเล 1', '2-2-3', 3, 4, NULL, NULL, 1, NULL, NULL, 'กลุ่มสมรรถนะภาษาและการสื่อสาร', NULL, NULL, '2025-12-03 09:05:41', 'ห้องเรียนสามัญ'),
(21, 2, '30000-1217', 'ภาษาอังกฤษทางทะเล 2', '2-2-3', 3, 4, NULL, NULL, 1, NULL, NULL, 'กลุ่มสมรรถนะภาษาและการสื่อสาร', NULL, NULL, '2025-12-03 09:05:41', 'ห้องเรียนสามัญ'),
(22, 2, '30000-1218', 'ภาษาอังกฤษสำหรับงานนาฬิกา', '0-2-1', 1, 2, NULL, NULL, 1, NULL, NULL, 'กลุ่มสมรรถนะภาษาและการสื่อสาร', NULL, NULL, '2025-12-03 09:05:41', 'ห้องเรียนสามัญ'),
(23, 2, '30000-1219', 'ภาษาอังกฤษสำหรับกิจการการบิน', '0-2-1', 1, 2, NULL, NULL, 1, NULL, NULL, 'กลุ่มสมรรถนะภาษาและการสื่อสาร', NULL, NULL, '2025-12-03 09:05:41', 'ห้องเรียนสามัญ'),
(24, 2, '30000-1220', 'ภาษาและวัฒนธรรมจีน', '0-2-1', 1, 2, NULL, NULL, 1, NULL, NULL, 'กลุ่มสมรรถนะภาษาและการสื่อสาร', NULL, NULL, '2025-12-03 09:05:41', 'ห้องเรียนสามัญ'),
(25, 2, '30000-1221', 'การสนทนาภาษาจีนสำหรับการทำงาน', '0-2-1', 1, 2, NULL, NULL, 1, NULL, NULL, 'กลุ่มสมรรถนะภาษาและการสื่อสาร', NULL, NULL, '2025-12-03 09:05:41', 'ห้องเรียนสามัญ'),
(26, 2, '30000-1222', 'ภาษาจีนสำหรับอุตสาหกรรม', '0-2-1', 1, 2, NULL, NULL, 1, NULL, NULL, 'กลุ่มสมรรถนะภาษาและการสื่อสาร', NULL, NULL, '2025-12-03 09:05:41', 'ห้องเรียนสามัญ'),
(27, 2, '30000-1223', 'ภาษาจีนสำหรับธุรกิจ', '0-2-1', 1, 2, NULL, NULL, 1, NULL, NULL, 'กลุ่มสมรรถนะภาษาและการสื่อสาร', NULL, NULL, '2025-12-03 09:05:41', 'ห้องเรียนสามัญ'),
(28, 2, '30000-1224', 'ภาษาจีนสำหรับธุรกิจการท่องเที่ยว', '0-2-1', 1, 2, NULL, NULL, 1, NULL, NULL, 'กลุ่มสมรรถนะภาษาและการสื่อสาร', NULL, NULL, '2025-12-03 09:05:41', 'ห้องเรียนสามัญ'),
(29, 2, '30000-1225', 'ภาษาและวัฒนธรรมญี่ปุ่น', '0-2-1', 1, 2, NULL, NULL, 1, NULL, NULL, 'กลุ่มสมรรถนะภาษาและการสื่อสาร', NULL, NULL, '2025-12-03 09:05:41', 'ห้องเรียนสามัญ'),
(30, 2, '30000-1226', 'สื่อสารภาษาญี่ปุ่นในการทำงาน', '0-2-1', 1, 2, NULL, NULL, 1, NULL, NULL, 'กลุ่มสมรรถนะภาษาและการสื่อสาร', NULL, NULL, '2025-12-03 09:05:41', 'ห้องเรียนสามัญ'),
(31, 2, '30000-1227', 'ภาษาและวัฒนธรรมเกาหลี', '0-2-1', 1, 2, NULL, NULL, 1, NULL, NULL, 'กลุ่มสมรรถนะภาษาและการสื่อสาร', NULL, NULL, '2025-12-03 09:05:41', 'ห้องเรียนสามัญ'),
(32, 2, '30000-1228', 'สื่อสารภาษาเกาหลีในการทำงาน', '0-2-1', 1, 2, NULL, NULL, 1, NULL, NULL, 'กลุ่มสมรรถนะภาษาและการสื่อสาร', NULL, NULL, '2025-12-03 09:05:41', 'ห้องเรียนสามัญ'),
(33, 2, '30000-1229', 'ภาษาและวัฒนธรรมเวียดนาม', '0-2-1', 1, 2, NULL, NULL, 1, NULL, NULL, 'กลุ่มสมรรถนะภาษาและการสื่อสาร', NULL, NULL, '2025-12-03 09:05:41', 'ห้องเรียนสามัญ'),
(34, 2, '30000-1230', 'สื่อสารภาษาเวียดนามในการทำงาน', '0-2-1', 1, 2, NULL, NULL, 1, NULL, NULL, 'กลุ่มสมรรถนะภาษาและการสื่อสาร', NULL, NULL, '2025-12-03 09:05:41', 'ห้องเรียนสามัญ'),
(35, 2, '30000-1231', 'ภาษาและวัฒนธรรมอินโดนีเซีย', '0-2-1', 1, 2, NULL, NULL, 1, NULL, NULL, 'กลุ่มสมรรถนะภาษาและการสื่อสาร', NULL, NULL, '2025-12-03 09:05:41', 'ห้องเรียนสามัญ'),
(36, 2, '30000-1232', 'สื่อสารภาษาอินโดนีเซียในการทำงาน', '0-2-1', 1, 2, NULL, NULL, 1, NULL, NULL, 'กลุ่มสมรรถนะภาษาและการสื่อสาร', NULL, NULL, '2025-12-03 09:05:41', 'ห้องเรียนสามัญ'),
(37, 2, '30000-1233', 'ภาษาและวัฒนธรรมมาเลเซีย', '0-2-1', 1, 2, NULL, NULL, 1, NULL, NULL, 'กลุ่มสมรรถนะภาษาและการสื่อสาร', NULL, NULL, '2025-12-03 09:05:41', 'ห้องเรียนสามัญ'),
(38, 2, '30000-1234', 'สื่อสารภาษามาเลเซียในการทำงาน', '0-2-1', 1, 2, NULL, NULL, 1, NULL, NULL, 'กลุ่มสมรรถนะภาษาและการสื่อสาร', NULL, NULL, '2025-12-03 09:05:41', 'ห้องเรียนสามัญ'),
(39, 2, '30000-1235', 'ภาษาและวัฒนธรรมพม่า', '0-2-1', 1, 2, NULL, NULL, 1, NULL, NULL, 'กลุ่มสมรรถนะภาษาและการสื่อสาร', NULL, NULL, '2025-12-03 09:05:41', 'ห้องเรียนสามัญ'),
(40, 2, '30000-1236', 'สื่อสารภาษาพม่าเพื่อการทำงาน', '0-2-1', 1, 2, NULL, NULL, 1, NULL, NULL, 'กลุ่มสมรรถนะภาษาและการสื่อสาร', NULL, NULL, '2025-12-03 09:05:41', 'ห้องเรียนสามัญ'),
(41, 2, '30000-1237', 'ภาษาและวัฒนธรรมเขมร', '0-2-1', 1, 2, NULL, NULL, 1, NULL, NULL, 'กลุ่มสมรรถนะภาษาและการสื่อสาร', NULL, NULL, '2025-12-03 09:05:41', 'ห้องเรียนสามัญ'),
(42, 2, '30000-1238', 'สื่อสารภาษาเขมรเพื่อการทำงาน', '0-2-1', 1, 2, NULL, NULL, 1, NULL, NULL, 'กลุ่มสมรรถนะภาษาและการสื่อสาร', NULL, NULL, '2025-12-03 09:05:41', 'ห้องเรียนสามัญ'),
(43, 2, '30000-1239', 'ภาษาและวัฒนธรรมลาว', '0-2-1', 1, 2, NULL, NULL, 1, NULL, NULL, 'กลุ่มสมรรถนะภาษาและการสื่อสาร', NULL, NULL, '2025-12-03 09:05:41', 'ห้องเรียนสามัญ'),
(44, 2, '30000-1240', 'สื่อสารภาษาลาวเพื่อการทำงาน', '0-2-1', 1, 2, NULL, NULL, 1, NULL, NULL, 'กลุ่มสมรรถนะภาษาและการสื่อสาร', NULL, NULL, '2025-12-03 09:05:41', 'ห้องเรียนสามัญ'),
(45, 2, '30000-1241', 'ภาษาและวัฒนธรรมฟิลิปปินส์', '0-2-1', 1, 2, NULL, NULL, 1, NULL, NULL, 'กลุ่มสมรรถนะภาษาและการสื่อสาร', NULL, NULL, '2025-12-03 09:05:41', 'ห้องเรียนสามัญ'),
(46, 2, '30000-1242', 'สื่อสารภาษาฟิลิปปินส์เพื่อการทำงาน', '0-2-1', 1, 2, NULL, NULL, 1, NULL, NULL, 'กลุ่มสมรรถนะภาษาและการสื่อสาร', NULL, NULL, '2025-12-03 09:05:41', 'ห้องเรียนสามัญ'),
(47, 2, '30000-1243', 'ภาษาและวัฒนธรรมรัสเซีย', '0-2-1', 1, 2, NULL, NULL, 1, NULL, NULL, 'กลุ่มสมรรถนะภาษาและการสื่อสาร', NULL, NULL, '2025-12-03 09:05:41', 'ห้องเรียนสามัญ'),
(48, 2, '30000-1244', 'สื่อสารภาษารัสเซียเพื่อการทำงาน', '0-2-1', 1, 2, NULL, NULL, 1, NULL, NULL, 'กลุ่มสมรรถนะภาษาและการสื่อสาร', NULL, NULL, '2025-12-03 09:05:41', 'ห้องเรียนสามัญ'),
(49, 2, '30000-1245', 'ภาษาและวัฒนธรรมเยอรมัน', '0-2-1', 1, 2, NULL, NULL, 1, NULL, NULL, 'กลุ่มสมรรถนะภาษาและการสื่อสาร', NULL, NULL, '2025-12-03 09:05:41', 'ห้องเรียนสามัญ'),
(50, 2, '30000-1246', 'สื่อสารภาษาเยอรมันเพื่อการทำงาน', '0-2-1', 1, 2, NULL, NULL, 1, NULL, NULL, 'กลุ่มสมรรถนะภาษาและการสื่อสาร', NULL, NULL, '2025-12-03 09:05:41', 'ห้องเรียนสามัญ'),
(51, 2, '30000-1247', 'ภาษาและวัฒนธรรมฝรั่งเศส', '0-2-1', 1, 2, NULL, NULL, 1, NULL, NULL, 'กลุ่มสมรรถนะภาษาและการสื่อสาร', NULL, NULL, '2025-12-03 09:05:41', 'ห้องเรียนสามัญ'),
(52, 2, '30000-1248', 'สื่อสารภาษาฝรั่งเศสเพื่อการทำงาน', '0-2-1', 1, 2, NULL, NULL, 1, NULL, NULL, 'กลุ่มสมรรถนะภาษาและการสื่อสาร', NULL, NULL, '2025-12-03 09:05:41', 'ห้องเรียนสามัญ'),
(53, 2, '30000-1301', 'วิทยาศาสตร์งานอาชีพธุรกิจและบริการ', '2-2-3', 3, 4, NULL, NULL, 1, NULL, NULL, 'กลุ่มสมรรถนะการคิดและการแก้ปัญหา', NULL, NULL, '2025-12-03 09:13:51', 'ห้องเรียนสามัญ'),
(54, 2, '30000-1302', 'วิทยาศาสตร์งานอาชีพไฟฟ้า อิเล็กทรอนิกส์และการสื่อสาร', '2-2-3', 3, 4, NULL, NULL, 1, NULL, NULL, 'กลุ่มสมรรถนะการคิดและการแก้ปัญหา', NULL, NULL, '2025-12-03 09:13:51', 'ห้องเรียนสามัญ'),
(55, 2, '30000-1303', 'วิทยาศาสตร์งานอาชีพเมคคาทรอนิกส์ หุ่นยนต์และระบบอัตโนมัติ', '2-2-3', 3, 4, NULL, NULL, 1, NULL, NULL, 'กลุ่มสมรรถนะการคิดและการแก้ปัญหา', NULL, NULL, '2025-12-03 09:13:51', 'ห้องเรียนสามัญ'),
(56, 2, '30000-1304', 'วิทยาศาสตร์งานอาชีพประมงและเกษตรกรรม', '2-2-3', 3, 4, NULL, NULL, 1, NULL, NULL, 'กลุ่มสมรรถนะการคิดและการแก้ปัญหา', NULL, NULL, '2025-12-03 09:13:51', 'ห้องเรียนสามัญ'),
(57, 2, '30000-1305', 'วิทยาศาสตร์งานอาชีพเครื่องกลและการผลิต', '2-2-3', 3, 4, NULL, NULL, 1, NULL, NULL, 'กลุ่มสมรรถนะการคิดและการแก้ปัญหา', NULL, NULL, '2025-12-03 09:13:51', 'ห้องเรียนสามัญ'),
(58, 2, '30000-1306', 'วิทยาศาสตร์งานอาชีพก่อสร้าง โยธา และสถาปัตยกรรม', '2-2-3', 3, 4, NULL, NULL, 1, NULL, NULL, 'กลุ่มสมรรถนะการคิดและการแก้ปัญหา', NULL, NULL, '2025-12-03 09:13:51', 'ห้องเรียนสามัญ'),
(59, 2, '30000-1307', 'วิทยาศาสตร์งานอาชีพอุตสาหกรรมยาง', '2-2-3', 3, 4, NULL, NULL, 1, NULL, NULL, 'กลุ่มสมรรถนะการคิดและการแก้ปัญหา', NULL, NULL, '2025-12-03 09:13:51', 'ห้องเรียนสามัญ'),
(60, 2, '30000-1308', 'วิทยาศาสตร์งานอาชีพอุตสาหกรรมสิ่งทอ', '2-2-3', 3, 4, NULL, NULL, 1, NULL, NULL, 'กลุ่มสมรรถนะการคิดและการแก้ปัญหา', NULL, NULL, '2025-12-03 09:13:51', 'ห้องเรียนสามัญ'),
(61, 2, '30000-1309', 'วิทยาศาสตร์งานอาชีพศิลปกรรมและศิลปะสร้างสรรค์', '2-2-3', 3, 4, NULL, NULL, 1, NULL, NULL, 'กลุ่มสมรรถนะการคิดและการแก้ปัญหา', NULL, NULL, '2025-12-03 09:13:51', 'ห้องเรียนสามัญ'),
(62, 2, '30000-1310', 'วิทยาศาสตร์งานอาชีพอุตสาหกรรมเครื่องประดับและอัญมณี', '2-2-3', 3, 4, NULL, NULL, 1, NULL, NULL, 'กลุ่มสมรรถนะการคิดและการแก้ปัญหา', NULL, NULL, '2025-12-03 09:13:51', 'ห้องเรียนสามัญ'),
(63, 2, '30000-1311', 'วิทยาศาสตร์งานอาชีพอุตสาหกรรมอาหารและโภชนาการ', '2-2-3', 3, 4, NULL, NULL, 1, NULL, NULL, 'กลุ่มสมรรถนะการคิดและการแก้ปัญหา', NULL, NULL, '2025-12-03 09:13:51', 'ห้องเรียนสามัญ'),
(64, 2, '30000-1312', 'วิทยาศาสตร์เทคโนโลยีการเดินเรือ', '2-2-3', 3, 4, NULL, NULL, 1, NULL, NULL, 'กลุ่มสมรรถนะการคิดและการแก้ปัญหา', NULL, NULL, '2025-12-03 09:13:51', 'ห้องเรียนสามัญ'),
(65, 2, '30000-1313', 'วิทยาศาสตร์เทคโนโลยีไฟฟ้าในเรือ', '2-2-3', 3, 4, NULL, NULL, 1, NULL, NULL, 'กลุ่มสมรรถนะการคิดและการแก้ปัญหา', NULL, NULL, '2025-12-03 09:13:51', 'ห้องเรียนสามัญ'),
(66, 2, '30000-1314', 'ฟิสิกส์เพื่อการบิน', '2-2-3', 3, 4, NULL, NULL, 1, NULL, NULL, 'กลุ่มสมรรถนะการคิดและการแก้ปัญหา', NULL, NULL, '2025-12-03 09:13:51', 'ห้องเรียนสามัญ'),
(67, 2, '30000-1315', 'การวิจัยเบื้องต้นเพื่องานอาชีพ', '2-2-3', 3, 4, NULL, NULL, 1, NULL, NULL, 'กลุ่มสมรรถนะการคิดและการแก้ปัญหา', NULL, NULL, '2025-12-03 09:13:51', 'ห้องเรียนสามัญ'),
(68, 2, '30000-1316', 'เทคโนโลยีการจัดการพลังงานและสิ่งแวดล้อม', '2-2-3', 3, 4, NULL, NULL, 1, NULL, NULL, 'กลุ่มสมรรถนะการคิดและการแก้ปัญหา', NULL, NULL, '2025-12-03 09:13:51', 'ห้องเรียนสามัญ'),
(69, 2, '30000-1317', 'อากาศพลศาสตร์พื้นฐาน', '3-0-3', 3, 3, NULL, NULL, 1, NULL, NULL, 'กลุ่มสมรรถนะการคิดและการแก้ปัญหา', NULL, NULL, '2025-12-03 09:13:51', 'ห้องเรียนสามัญ'),
(70, 2, '30000-1401', 'คณิตศาสตร์และสถิติเพื่องานอาชีพ', '3-0-3', 3, 3, NULL, NULL, 1, NULL, NULL, 'กลุ่มสมรรถนะการคิดและการแก้ปัญหา', NULL, NULL, '2025-12-03 09:13:51', 'ห้องเรียนสามัญ'),
(71, 2, '30000-1402', 'คณิตศาสตร์เพื่อพัฒนาทักษะการคิด', '3-0-3', 3, 3, NULL, NULL, 1, NULL, NULL, 'กลุ่มสมรรถนะการคิดและการแก้ปัญหา', NULL, NULL, '2025-12-03 09:13:51', 'ห้องเรียนสามัญ'),
(72, 2, '30000-1403', 'สถิติการทดลองและการวางแผน', '3-0-3', 3, 3, NULL, NULL, 1, NULL, NULL, 'กลุ่มสมรรถนะการคิดและการแก้ปัญหา', NULL, NULL, '2025-12-03 09:13:51', 'ห้องเรียนสามัญ'),
(73, 2, '30000-1404', 'แคลคูลัส 1', '3-0-3', 3, 3, NULL, NULL, 1, NULL, NULL, 'กลุ่มสมรรถนะการคิดและการแก้ปัญหา', NULL, NULL, '2025-12-03 09:13:51', 'ห้องเรียนสามัญ'),
(74, 2, '30000-1405', 'แคลคูลัส 2', '3-0-3', 3, 3, NULL, NULL, 1, NULL, NULL, 'กลุ่มสมรรถนะการคิดและการแก้ปัญหา', NULL, NULL, '2025-12-03 09:13:51', 'ห้องเรียนสามัญ'),
(75, 2, '30000-1406', 'แคลคูลัส 3', '3-0-3', 3, 3, NULL, NULL, 1, NULL, NULL, 'กลุ่มสมรรถนะการคิดและการแก้ปัญหา', NULL, NULL, '2025-12-03 09:13:51', 'ห้องเรียนสามัญ'),
(76, 2, '30000-1407', 'คณิตศาสตร์อุตสาหกรรม', '3-0-3', 3, 3, NULL, NULL, 1, NULL, NULL, 'กลุ่มสมรรถนะการคิดและการแก้ปัญหา', NULL, NULL, '2025-12-03 09:13:51', 'ห้องเรียนสามัญ'),
(77, 2, '30000-1408', 'คณิตศาสตร์ธุรกิจและบริการ', '3-0-3', 3, 3, NULL, NULL, 1, NULL, NULL, 'กลุ่มสมรรถนะการคิดและการแก้ปัญหา', NULL, NULL, '2025-12-03 09:13:51', 'ห้องเรียนสามัญ'),
(78, 2, '30000-1409', 'คณิตศาสตร์เกษตรกรรม', '3-0-3', 3, 3, NULL, NULL, 1, NULL, NULL, 'กลุ่มสมรรถนะการคิดและการแก้ปัญหา', NULL, NULL, '2025-12-03 09:13:51', 'ห้องเรียนสามัญ'),
(79, 2, '30000-1410', 'คณิตศาสตร์เพื่อการเดินเรือ 1', '2-2-3', 3, 4, NULL, NULL, 1, NULL, NULL, 'กลุ่มสมรรถนะการคิดและการแก้ปัญหา', NULL, NULL, '2025-12-03 09:13:51', 'ห้องเรียนสามัญ'),
(80, 2, '30000-1411', 'คณิตศาสตร์เพื่อการเดินเรือ 2', '2-2-3', 3, 4, NULL, NULL, 1, NULL, NULL, 'กลุ่มสมรรถนะการคิดและการแก้ปัญหา', NULL, NULL, '2025-12-03 09:13:51', 'ห้องเรียนสามัญ'),
(81, 2, '30000-1412', 'คณิตศาสตร์เพื่อการบิน', '3-0-3', 3, 3, NULL, NULL, 1, NULL, NULL, 'กลุ่มสมรรถนะการคิดและการแก้ปัญหา', NULL, NULL, '2025-12-03 09:13:51', 'ห้องเรียนสามัญ'),
(82, 2, '30000-1501', 'สังคมไทยในยุคดิจิทัล', '1-2-2', 2, 3, NULL, NULL, 1, NULL, NULL, 'กลุ่มสมรรถนะทางสังคมและการดำรงชีวิต', '121', '113', '2025-12-03 09:16:38', 'ห้องเรียนสามัญ'),
(83, 2, '30000-1502', 'การพัฒนาท้องถิ่น', '1-2-2', 2, 3, NULL, NULL, 1, NULL, NULL, 'กลุ่มสมรรถนะทางสังคมและการดำรงชีวิต', NULL, NULL, '2025-12-03 09:16:38', 'ห้องเรียนสามัญ'),
(84, 2, '30000-1503', 'หลักปรัชญาของเศรษฐกิจพอเพียงเพื่อการดำเนินชีวิต', '1-0-1', 1, 1, NULL, NULL, 1, NULL, NULL, 'กลุ่มสมรรถนะทางสังคมและการดำรงชีวิต', NULL, NULL, '2025-12-03 09:16:38', 'ห้องเรียนสามัญ'),
(85, 2, '30000-1601', 'การพัฒนาสุขภาพ', '2-0-2', 2, 2, NULL, NULL, 1, NULL, NULL, 'กลุ่มสมรรถนะทางสังคมและการดำรงชีวิต', NULL, NULL, '2025-12-03 09:16:38', 'ห้องเรียนสามัญ'),
(86, 2, '30000-1602', 'ทักษะแห่งความสุข', '2-0-2', 2, 2, NULL, NULL, 1, NULL, NULL, 'กลุ่มสมรรถนะทางสังคมและการดำรงชีวิต', NULL, NULL, '2025-12-03 09:16:38', 'ห้องเรียนสามัญ'),
(87, 2, '30000-1603', 'ลีลาศเพื่อพัฒนาสุขภาพและบุคลิกภาพ', '0-2-1', 1, 2, NULL, NULL, 1, NULL, NULL, 'กลุ่มสมรรถนะทางสังคมและการดำรงชีวิต', NULL, NULL, '2025-12-03 09:16:38', 'ห้องเรียนสามัญ'),
(88, 2, '30000-1604', 'นันทนาการเพื่อพัฒนาคุณภาพชีวิต', '0-2-1', 1, 2, NULL, NULL, 1, NULL, NULL, 'กลุ่มสมรรถนะทางสังคมและการดำรงชีวิต', NULL, NULL, '2025-12-03 09:16:38', 'ห้องเรียนสามัญ'),
(89, 2, '30000-1605', 'การจัดการกีฬาและการออกกำลังกายเพื่ออาชีพ', '0-2-1', 1, 2, NULL, NULL, 1, NULL, NULL, 'กลุ่มสมรรถนะทางสังคมและการดำรงชีวิต', NULL, NULL, '2025-12-03 09:16:38', 'ห้องเรียนสามัญ'),
(90, 2, '30000-1606', 'ภาวะผู้นำและการทำงานเป็นทีม', '2-0-2', 2, 2, NULL, NULL, 1, NULL, NULL, 'กลุ่มสมรรถนะทางสังคมและการดำรงชีวิต', NULL, NULL, '2025-12-03 09:16:38', 'ห้องเรียนสามัญ'),
(91, 2, '30000-1607', 'ข้อจำกัดของธรรมชาติมนุษย์', '3-0-3', 3, 3, NULL, NULL, 1, NULL, NULL, 'กลุ่มสมรรถนะทางสังคมและการดำรงชีวิต', NULL, NULL, '2025-12-03 09:16:38', 'ห้องเรียนสามัญ'),
(92, 2, '30001-1001', 'การเป็นผู้ประกอบการ', '2-2-3', 3, 4, NULL, NULL, 2, 14, NULL, 'กลุ่มสมรรถนะวิชาชีพพื้นฐาน', NULL, NULL, '2025-12-03 09:21:18', 'ห้องเรียนสามัญ'),
(93, 2, '30001-1002', 'องค์การและการบริหารงานคุณภาพ', '3-0-3', 3, 3, NULL, NULL, 2, 14, NULL, 'กลุ่มสมรรถนะวิชาชีพพื้นฐาน', NULL, NULL, '2025-12-03 09:21:18', 'ห้องเรียนสามัญ'),
(94, 2, '30001-1003', 'การประยุกต์ใช้เทคโนโลยีดิจิทัลในอาชีพ', '2-2-3', 3, 4, NULL, NULL, 2, 14, NULL, 'กลุ่มสมรรถนะวิชาชีพพื้นฐาน', NULL, NULL, '2025-12-03 09:21:18', 'ห้องเรียนสามัญ'),
(95, 2, '31900-1001', 'กฎหมายในงานอาชีพอุตสาหกรรมดิจิทัลและเทคโนโลยีสารสนเทศ', '1-0-1', 1, 1, NULL, NULL, 2, 14, NULL, 'กลุ่มสมรรถนะวิชาชีพพื้นฐาน', NULL, NULL, '2025-12-03 09:21:18', 'ห้องเรียนสามัญ'),
(96, 2, '31900-1002', 'การจัดการข้อมูลขนาดใหญ่เบื้องต้น', '1-2-2', 2, 3, NULL, NULL, 2, 14, NULL, 'กลุ่มสมรรถนะวิชาชีพพื้นฐาน', NULL, NULL, '2025-12-03 09:21:18', 'ห้องเรียนสามัญ'),
(97, 2, '31900-1003', 'การสร้างสื่อดิจิทัล', '1-4-3', 3, 5, NULL, NULL, 2, 14, NULL, 'กลุ่มสมรรถนะวิชาชีพพื้นฐาน', NULL, NULL, '2025-12-03 09:21:18', 'ห้องเรียนสามัญ'),
(98, 2, '31901-2001', 'การออกแบบส่วนติดต่อผู้ใช้ขั้นสูง', '1-2-2', 2, 3, NULL, NULL, 2, 14, NULL, 'กลุ่มสมรรถนะวิชาชีพเฉพาะ', NULL, NULL, '2025-12-03 17:07:29', '111'),
(99, 2, '31901-2002', 'ระบบปฏิบัติการเครื่องแม่ข่าย', '1-4-3', 3, 5, NULL, NULL, 2, 14, NULL, 'กลุ่มสมรรถนะวิชาชีพเฉพาะ', NULL, NULL, '2025-12-03 17:07:29', '114'),
(100, 2, '31901-2003', 'การวิเคราะห์และออกแบบระบบเชิงวัตถุ', '1-4-3', 3, 5, NULL, NULL, 2, 14, NULL, 'กลุ่มสมรรถนะวิชาชีพเฉพาะ', NULL, NULL, '2025-12-03 17:07:29', '113'),
(101, 2, '31901-2004', 'การพัฒนาซอฟต์แวร์ด้วยเทคโนโลยี Front-End', '1-4-3', 3, 5, NULL, NULL, 2, 14, NULL, 'กลุ่มสมรรถนะวิชาชีพเฉพาะ', NULL, NULL, '2025-12-03 17:07:29', '112'),
(102, 2, '31901-2005', 'การพัฒนาซอฟต์แวร์ด้วยเทคโนโลยี Back-End', '1-4-3', 3, 5, NULL, NULL, 2, 14, NULL, 'กลุ่มสมรรถนะวิชาชีพเฉพาะ', NULL, NULL, '2025-12-03 17:07:29', '113'),
(103, 2, '31901-2006', 'การพัฒนาซอฟต์แวร์เชิงวัตถุ', '1-4-3', 3, 5, NULL, NULL, 2, 14, NULL, 'กลุ่มสมรรถนะวิชาชีพเฉพาะ', NULL, NULL, '2025-12-03 17:07:29', '114'),
(104, 2, '31901-2007', 'เทคโนโลยีการจัดการฐานข้อมูล', '1-4-3', 3, 5, NULL, NULL, 2, 14, NULL, 'กลุ่มสมรรถนะวิชาชีพเฉพาะ', NULL, NULL, '2025-12-03 17:07:29', '112'),
(105, 2, '31901-2008', 'การพัฒนาซอฟต์แวร์รูปแบบเดฟออฟส์ (DevOps)', '1-4-3', 3, 5, NULL, NULL, 2, 14, NULL, 'กลุ่มสมรรถนะวิชาชีพเฉพาะ', NULL, NULL, '2025-12-03 17:07:29', '111'),
(106, 2, '31901-2009', 'การพัฒนาซอฟต์แวร์สำหรับอุปกรณ์เคลื่อนที่', '1-4-3', 3, 5, NULL, NULL, 2, 14, NULL, 'กลุ่มสมรรถนะวิชาชีพเฉพาะ', NULL, NULL, '2025-12-03 17:07:29', '114'),
(107, 2, '31901-2010', 'การประยุกต์ใช้ระบบไอโอทีในชีวิตประจำวัน', '1-4-3', 3, 5, NULL, NULL, 2, 14, NULL, 'กลุ่มสมรรถนะวิชาชีพเฉพาะ', NULL, NULL, '2025-12-03 17:07:29', '112'),
(108, 2, '31901-2011', 'การจัดการระบบเครือข่าย', '1-4-3', 3, 5, NULL, NULL, 2, 14, NULL, 'กลุ่มสมรรถนะวิชาชีพเฉพาะ', NULL, NULL, '2025-12-03 17:07:29', '111'),
(109, 2, '31901-2012', 'การวิเคราะห์และนำเสนอข้อมูล', '1-4-3', 3, 5, NULL, NULL, 2, 14, NULL, 'กลุ่มสมรรถนะวิชาชีพเฉพาะ', NULL, NULL, '2025-12-03 17:07:29', '114'),
(110, 2, '31901-2013', 'การพัฒนาไฮบริดแอปพลิเคชัน', '1-4-3', 3, 5, NULL, NULL, 2, 14, NULL, 'กลุ่มสมรรถนะวิชาชีพเฉพาะ', NULL, NULL, '2025-12-03 17:07:29', '114'),
(111, 2, '31901-2014', 'การให้ความช่วยเหลือและแก้ปัญหาด้านระบบเทคโนโลยีสารสนเทศ', '0-9-3', 3, 9, NULL, NULL, 2, 14, NULL, 'กลุ่มสมรรถนะวิชาชีพพื้นฐาน', NULL, NULL, '2025-12-03 17:07:29', '112'),
(112, 2, '31901-2015', 'โครงงานด้านเทคโนโลยีสารสนเทศ', '0-12-4', 4, 12, NULL, NULL, 2, 14, NULL, 'กลุ่มสมรรถนะวิชาชีพเฉพาะ', NULL, NULL, '2025-12-03 17:07:29', '112'),
(113, 2, '31901-2016', 'โครงงานด้านเทคโนโลยีสารสนเทศ 1', '0-6-2', 2, 6, NULL, NULL, 2, 14, NULL, 'กลุ่มสมรรถนะวิชาชีพเฉพาะ', NULL, NULL, '2025-12-03 17:07:29', 'ห้องปฎิบัติการ'),
(114, 2, '31901-2017', 'โครงงานด้านเทคโนโลยีสารสนเทศ 2', '0-6-2', 2, 6, NULL, NULL, 2, 14, NULL, 'กลุ่มสมรรถนะวิชาชีพเฉพาะ', NULL, NULL, '2025-12-03 17:07:29', '111'),
(115, 2, '30000-2001', 'กิจกรรมเสริมสร้างสุจริต จิตอาสา', '0-2-0', 0, 2, NULL, NULL, 5, NULL, NULL, '', NULL, NULL, '2025-12-03 17:34:04', 'ห้องเรียนสามัญ'),
(116, 2, '30000-2002', 'กิจกรรมองค์การวิชาชีพ 1', '0-2-0', 0, 2, NULL, NULL, 5, NULL, NULL, '', NULL, NULL, '2025-12-03 17:34:04', 'ห้องเรียนสามัญ'),
(117, 2, '30000-2003', 'กิจกรรมองค์การวิชาชีพ 2', '0-2-0', 0, 2, NULL, NULL, 5, NULL, NULL, '', NULL, NULL, '2025-12-03 17:34:04', 'ห้องเรียนสามัญ'),
(118, 2, '30000-2004', 'กิจกรรมองค์การวิชาชีพ 3', '0-2-0', 0, 2, NULL, NULL, 5, NULL, NULL, '', NULL, NULL, '2025-12-03 17:34:04', 'ห้องเรียนสามัญ'),
(119, 2, '30000-2005', 'กิจกรรมในสถานประกอบการ 1', '0-2-0', 0, 2, NULL, NULL, 5, NULL, NULL, '', NULL, NULL, '2025-12-03 17:34:04', 'ห้องเรียนสามัญ'),
(120, 2, '30000-2006', 'กิจกรรมในสถานประกอบการ 2', '0-2-0', 0, 2, NULL, NULL, 5, NULL, NULL, '', NULL, NULL, '2025-12-03 17:34:04', 'ห้องเรียนสามัญ'),
(121, 2, '30000-2007', 'กิจกรรมในสถานประกอบการ 3', '0-2-0', 0, 2, NULL, NULL, 5, NULL, NULL, '', NULL, NULL, '2025-12-03 17:34:04', 'ห้องเรียนสามัญ'),
(122, 2, '30000-2008', 'กิจกรรมเสริมสร้างผู้เรียนตามอัธยาศัย 1', '0-2-0', 0, 2, NULL, NULL, 5, NULL, NULL, '', NULL, NULL, '2025-12-03 17:34:04', 'ห้องเรียนสามัญ'),
(123, 2, '30000-2009', 'กิจกรรมเสริมสร้างผู้เรียนตามอัธยาศัย 2', '0-2-0', 0, 2, NULL, NULL, 5, NULL, NULL, '', NULL, NULL, '2025-12-03 17:34:04', 'ห้องเรียนสามัญ'),
(124, 2, '30000-2010', 'กิจกรรมเสริมสร้างผู้เรียนตามอัธยาศัย 3', '0-2-0', 0, 2, NULL, NULL, 5, NULL, NULL, '', NULL, NULL, '2025-12-03 17:34:04', 'ห้องเรียนสามัญ'),
(125, 2, '30000-2011', 'กิจกรรมอาชีวะยุคใหม่ ใส่ใจภัยพิบัติ', '0-2-0', 0, 2, NULL, NULL, 5, NULL, NULL, '', NULL, NULL, '2025-12-03 17:34:04', 'ห้องเรียนสามัญ'),
(126, 2, '30000-20XX', 'กิจกรรมนักศึกษาวิชาทหาร/กิจกรรมที่สถานศึกษาจัด', '0-2-0', 0, 2, NULL, NULL, 5, NULL, NULL, '', NULL, NULL, '2025-12-03 17:34:04', 'ห้องเรียนสามัญ');

-- --------------------------------------------------------

--
-- Table structure for table `subject_groups`
--

CREATE TABLE `subject_groups` (
  `sug_id` int(11) NOT NULL,
  `sug_code` varchar(50) DEFAULT NULL,
  `sug_name` varchar(150) DEFAULT NULL,
  `sug_note` varchar(255) DEFAULT NULL,
  `sug_created_at` timestamp NOT NULL DEFAULT current_timestamp()
) ENGINE=InnoDB DEFAULT CHARSET=utf8mb4 COLLATE=utf8mb4_general_ci;

--
-- Dumping data for table `subject_groups`
--

INSERT INTO `subject_groups` (`sug_id`, `sug_code`, `sug_name`, `sug_note`, `sug_created_at`) VALUES
(1, 'CORE', 'หมวดวิชาสมรรถนะแกนกลาง', NULL, '2025-12-02 14:15:51'),
(2, 'PRO', 'หมวดวิชาสมรรถนะวิชาชีพ', '', '2025-12-02 14:15:51'),
(5, 'ACT', 'กิจกรรมเสริมหลักสูตร', '', '2025-12-03 05:34:37'),
(6, 'FREE', 'หมวดวิชาเลือกเสรี', '', '2025-12-04 17:37:16');

-- --------------------------------------------------------

--
-- Table structure for table `subject_types`
--

CREATE TABLE `subject_types` (
  `typ_id` int(11) NOT NULL,
  `typ_code` varchar(50) NOT NULL,
  `typ_name` varchar(255) NOT NULL,
  `cur_id` int(11) NOT NULL
) ENGINE=InnoDB DEFAULT CHARSET=utf8mb4 COLLATE=utf8mb4_general_ci;

--
-- Dumping data for table `subject_types`
--

INSERT INTO `subject_types` (`typ_id`, `typ_code`, `typ_name`, `cur_id`) VALUES
(1, '01', 'อุตสาหกรรมดิจิทัลและเทคโนโลยีสารสนเทศ', 2);

-- --------------------------------------------------------

--
-- Table structure for table `system_settings`
--

CREATE TABLE `system_settings` (
  `setting_key` varchar(50) NOT NULL COMMENT 'ชื่อตัวแปร',
  `setting_value` varchar(255) NOT NULL COMMENT 'ค่า (1=เปิด, 0=ปิด)',
  `setting_label` varchar(255) NOT NULL COMMENT 'คำอธิบาย'
) ENGINE=InnoDB DEFAULT CHARSET=utf8mb4 COLLATE=utf8mb4_general_ci;

--
-- Dumping data for table `system_settings`
--

INSERT INTO `system_settings` (`setting_key`, `setting_value`, `setting_label`) VALUES
('teacher_booking', '1', 'ระบบจองรายวิชาสอน (สำหรับครู)'),
('teacher_unavailability', '1', 'ระบบระบุเวลาที่ไม่สะดวก (สำหรับครู)');

-- --------------------------------------------------------

--
-- Table structure for table `teachers`
--

CREATE TABLE `teachers` (
  `tea_id` int(11) NOT NULL,
  `tea_code` varchar(50) DEFAULT NULL,
  `tea_fullname` varchar(255) NOT NULL,
  `cur_id` int(11) DEFAULT NULL,
  `tea_gender` enum('M','F','O') DEFAULT 'O',
  `sug_id` int(11) DEFAULT NULL,
  `typ_id` int(11) DEFAULT NULL,
  `car_id` int(11) DEFAULT NULL,
  `maj_id` int(11) DEFAULT NULL,
  `tea_username` varchar(100) DEFAULT NULL,
  `tea_password` varchar(255) DEFAULT NULL,
  `tea_email` varchar(150) DEFAULT NULL,
  `tea_phone` varchar(30) DEFAULT NULL,
  `tea_created_at` timestamp NOT NULL DEFAULT current_timestamp(),
  `tea_img` varchar(255) DEFAULT NULL
) ENGINE=InnoDB DEFAULT CHARSET=utf8mb4 COLLATE=utf8mb4_general_ci;

--
-- Dumping data for table `teachers`
--

INSERT INTO `teachers` (`tea_id`, `tea_code`, `tea_fullname`, `cur_id`, `tea_gender`, `sug_id`, `typ_id`, `car_id`, `maj_id`, `tea_username`, `tea_password`, `tea_email`, `tea_phone`, `tea_created_at`, `tea_img`) VALUES
(2, 'T001', 'นายสมชาย ใจดี', NULL, 'M', 1, 1, 9, 14, 'teacher1', '$2y$10$0oPGDdWwVQtB3Z6C/LSse.zfHIukqgWp4Vr/FcmCODAg0BLt3eZ.m', 'somchai@tech.ac.th', '0811111111', '2025-12-03 17:56:23', 'profile_2_1769481513.jpg'),
(3, 'T002', 'นางสาววิไล วงศ์สว่าง', NULL, 'F', 1, 1, 9, 14, 'teacher2', '$2y$10$HTzAy79O6kRa37Z7tNygeOc6lfALbDIhTJlJUmgL6w6RR0MHEdaA.', 'wilai@tech.ac.th', '0811111112', '2025-12-03 17:56:23', 'profile_3_1769482058.jpg'),
(4, 'T003', 'นายกิตติศักดิ์ รักเรียน', NULL, 'M', 1, 1, 9, 14, 'teacher3', '$2y$10$4vamlZWnjQkfb21prkAtyOJPmXmBRenOhrEKOeOTcboAW6YNl3wKS', 'kittisak@tech.ac.th', '0811111113', '2025-12-03 17:56:23', 'profile_4_1769482125.jpg'),
(5, 'T004', 'นางดวงใจ ใฝ่รู้', NULL, 'F', 1, 1, 9, 14, 'teacher4', '$2y$10$07oXR4MzXRIHJS2E8KL2O.TXWhwKpOPbbMkSFIYZtE4H1ntUsuAvS', 'duangjai@tech.ac.th', '0811111114', '2025-12-03 17:56:23', 'profile_5_1769482157.jpg'),
(6, 'T005', 'นายประวิทย์ จิตมุ่งมั่น', NULL, 'M', 1, 1, 9, 14, 'teacher5', '$2y$10$9NQWKfJEd5DOgVFoOCLuyOkUD/RSOYqwtQXwNGVP27.41Z.KdhmLq', 'pravit@tech.ac.th', '0811111115', '2025-12-03 17:56:23', NULL),
(7, 'T006', 'นางสาวสุดา เทคโนโลยี', NULL, 'F', 2, 1, 9, 14, 'teacher6', '$2y$10$MtM2v6v7DXEwrIk6pRejcuxP2MTPOrzNr7kYYJ28vuFZqPq/6bw1C', 'suda@tech.ac.th', '0811111116', '2025-12-03 17:56:23', NULL),
(8, 'T007', 'นายวิชัย โปรแกรมมิ่ง', NULL, 'M', 2, 1, 9, 14, 'teacher7', '$2y$10$3SGSLdldHKYWjiCLbSw8K.s/YcB2NKqvxh11pdD2UTFwRAniAZNtq', 'wichai@tech.ac.th', '0811111117', '2025-12-03 17:56:23', NULL),
(9, 'T008', 'นายณัฐพล เน็ตเวิร์ค', NULL, 'M', 2, 1, 9, 14, 'teacher8', '$2y$10$cSGtzqMNQgB5Oiu2bO/KJOfohmwrrsC6EmwCMIv28DDLAc42TupQy', 'nattapon@tech.ac.th', '0811111118', '2025-12-03 17:56:23', NULL),
(10, 'T009', 'นางสาวพิมพา ดาต้าเบส', NULL, 'F', 2, 1, 9, 14, 'teacher9', '$2y$10$cyK/4A6viIQ1KCnjBDcjBeRsO8UPE5DBVJF9kEiFO6K1Z8R0/0l6m', 'pimpa@tech.ac.th', '0811111119', '2025-12-03 17:56:23', NULL),
(11, 'T010', 'นายธีระพล ไอโอที', NULL, 'M', 2, 1, 9, 14, 'teacher10', '$2y$10$KHLm8KxNk8asaerRlT28UeDaeo1rj94NVz/aDEawECYcesHZVe98m', 'teerapol@tech.ac.th', '0811111120', '2025-12-03 17:56:23', NULL),
(12, 'T011', 'นางสาวอารี กราฟิก', NULL, 'F', 2, 1, 9, 14, 'teacher11', '$2y$10$zIvIStdNG08VlOd/WN9vOO7mKZrQQbhcAxj3rHfdaQYtdEk8NlfXS', 'aree@tech.ac.th', '0811111121', '2025-12-03 17:56:23', NULL),
(13, 'T012', 'นายสมศักดิ์ มัลติมีเดีย', NULL, 'M', 2, 1, 9, 14, 'teacher12', '$2y$10$zIvIStdNG08VlOd/WN9vOO7mKZrQQbhcAxj3rHfdaQYtdEk8NlfXS', 'somsak@tech.ac.th', '0811111122', '2025-12-03 17:56:23', NULL),
(14, 'T013', 'นายวุฒิชัย อีสปอร์ต', NULL, 'M', 2, 1, 9, 14, 'teacher13', '$2y$10$zIvIStdNG08VlOd/WN9vOO7mKZrQQbhcAxj3rHfdaQYtdEk8NlfXS', 'wuttichai@tech.ac.th', '0811111123', '2025-12-03 17:56:23', NULL),
(15, 'T014', 'นางสาวกานดา พาณิชย์อิเล็กทรอนิกส์', NULL, 'F', 2, 1, 9, 14, 'teacher14', '$2y$10$zIvIStdNG08VlOd/WN9vOO7mKZrQQbhcAxj3rHfdaQYtdEk8NlfXS', 'kanda@tech.ac.th', '0811111124', '2025-12-03 17:56:23', NULL),
(16, 'T015', 'นายสุรชัย ซ่อมบำรุง', NULL, 'M', 1, 1, 9, 14, 'teacher15', '$2y$10$zIvIStdNG08VlOd/WN9vOO7mKZrQQbhcAxj3rHfdaQYtdEk8NlfXS', 'surachai@tech.ac.th', '0811111125', '2025-12-03 17:56:23', NULL),
(17, 'T016', 'นายมานะ กิจกรรม', NULL, 'M', 5, 1, 9, 14, 'teacher16', '$2y$10$zIvIStdNG08VlOd/WN9vOO7mKZrQQbhcAxj3rHfdaQYtdEk8NlfXS', 'mana@tech.ac.th', '0811111126', '2025-12-03 17:56:23', NULL),
(18, 'T017', 'นางสาวมานี ลูกเสือ', NULL, 'F', 5, 1, 9, 14, 'teacher17', '$2y$10$zIvIStdNG08VlOd/WN9vOO7mKZrQQbhcAxj3rHfdaQYtdEk8NlfXS', 'manee@tech.ac.th', '0811111127', '2025-12-03 17:56:23', NULL);

-- --------------------------------------------------------

--
-- Table structure for table `teacher_unavailability`
--

CREATE TABLE `teacher_unavailability` (
  `una_id` int(11) NOT NULL,
  `tea_id` int(11) NOT NULL COMMENT 'รหัสครู',
  `day_id` tinyint(4) NOT NULL COMMENT 'วัน (1-7)',
  `tim_id` int(11) NOT NULL COMMENT 'รหัสคาบเรียน',
  `una_created_at` timestamp NOT NULL DEFAULT current_timestamp()
) ENGINE=InnoDB DEFAULT CHARSET=utf8mb4 COLLATE=utf8mb4_general_ci;

--
-- Dumping data for table `teacher_unavailability`
--

INSERT INTO `teacher_unavailability` (`una_id`, `tea_id`, `day_id`, `tim_id`, `una_created_at`) VALUES
(65, 2, 2, 2, '2026-02-11 15:31:33'),
(66, 2, 2, 6, '2026-02-11 15:31:33'),
(67, 2, 2, 9, '2026-02-11 15:31:33'),
(68, 2, 4, 3, '2026-02-11 15:31:33'),
(69, 2, 4, 8, '2026-02-11 15:31:33'),
(70, 2, 5, 10, '2026-02-11 15:31:33');

-- --------------------------------------------------------

--
-- Table structure for table `teaching_assignments`
--

CREATE TABLE `teaching_assignments` (
  `tas_id` int(11) NOT NULL,
  `tea_id` int(11) NOT NULL,
  `sub_id` int(11) NOT NULL,
  `cla_id` char(10) NOT NULL,
  `tas_hours_per_week` int(11) DEFAULT 0,
  `tas_preferred_room_type` varchar(100) DEFAULT NULL,
  `tas_note` varchar(255) DEFAULT NULL,
  `tas_created_at` timestamp NOT NULL DEFAULT current_timestamp()
) ENGINE=InnoDB DEFAULT CHARSET=utf8mb4 COLLATE=utf8mb4_general_ci;

-- --------------------------------------------------------

--
-- Table structure for table `time_slots`
--

CREATE TABLE `time_slots` (
  `tim_id` int(11) NOT NULL,
  `tim_range` varchar(50) NOT NULL,
  `tim_start` time NOT NULL,
  `tim_end` time NOT NULL,
  `tim_note` varchar(255) DEFAULT NULL
) ENGINE=InnoDB DEFAULT CHARSET=utf8mb4 COLLATE=utf8mb4_general_ci;

--
-- Dumping data for table `time_slots`
--

INSERT INTO `time_slots` (`tim_id`, `tim_range`, `tim_start`, `tim_end`, `tim_note`) VALUES
(1, '08:00-09:00', '08:00:00', '09:00:00', ''),
(2, '09:00-10:00', '09:00:00', '10:00:00', NULL),
(3, '10:00-11:00', '10:00:00', '11:00:00', NULL),
(4, '11:00-12:00', '11:00:00', '12:00:00', NULL),
(5, '12:00-13:00', '12:00:00', '13:00:00', 'พักกลางวัน'),
(6, '13:00-14:00', '13:00:00', '14:00:00', NULL),
(7, '14:00-15:00', '14:00:00', '15:00:00', NULL),
(8, '15:00-16:00', '15:00:00', '16:00:00', NULL),
(9, '16:00-17:00', '16:00:00', '17:00:00', NULL),
(10, '17:00-18:00', '17:00:00', '18:00:00', ''),
(15, '18.00-19.00', '18:00:00', '19:00:00', '');

--
-- Indexes for dumped tables
--

--
-- Indexes for table `admins`
--
ALTER TABLE `admins`
  ADD PRIMARY KEY (`adm_id`),
  ADD UNIQUE KEY `adm_username` (`adm_username`);

--
-- Indexes for table `career_groups`
--
ALTER TABLE `career_groups`
  ADD PRIMARY KEY (`car_id`),
  ADD KEY `cur_id` (`cur_id`),
  ADD KEY `typ_id` (`typ_id`);

--
-- Indexes for table `class_groups`
--
ALTER TABLE `class_groups`
  ADD PRIMARY KEY (`cla_id`),
  ADD KEY `idx_cla_year` (`cla_year`);

--
-- Indexes for table `curriculums`
--
ALTER TABLE `curriculums`
  ADD PRIMARY KEY (`cur_id`),
  ADD KEY `lev_id` (`lev_id`);

--
-- Indexes for table `days`
--
ALTER TABLE `days`
  ADD PRIMARY KEY (`day_id`);

--
-- Indexes for table `levels`
--
ALTER TABLE `levels`
  ADD PRIMARY KEY (`lev_id`);

--
-- Indexes for table `majors`
--
ALTER TABLE `majors`
  ADD PRIMARY KEY (`maj_id`),
  ADD KEY `cur_id` (`cur_id`),
  ADD KEY `typ_id` (`typ_id`),
  ADD KEY `car_id` (`car_id`);

--
-- Indexes for table `plan_subjects`
--
ALTER TABLE `plan_subjects`
  ADD PRIMARY KEY (`pls_id`);

--
-- Indexes for table `plan_subject_cart`
--
ALTER TABLE `plan_subject_cart`
  ADD PRIMARY KEY (`id`),
  ADD UNIQUE KEY `unique_plan_sub` (`pla_id`,`sub_id`);

--
-- Indexes for table `study_plans`
--
ALTER TABLE `study_plans`
  ADD PRIMARY KEY (`pla_id`);

--
-- Indexes for table `study_plan_classes`
--
ALTER TABLE `study_plan_classes`
  ADD PRIMARY KEY (`id`),
  ADD UNIQUE KEY `unique_plan_class` (`pla_id`,`cla_id`);

--
-- Indexes for table `system_settings`
--
ALTER TABLE `system_settings`
  ADD PRIMARY KEY (`setting_key`);

--
-- Indexes for table `teacher_unavailability`
--
ALTER TABLE `teacher_unavailability`
  ADD PRIMARY KEY (`una_id`),
  ADD UNIQUE KEY `unique_busy_slot` (`tea_id`,`day_id`,`tim_id`);

--
-- AUTO_INCREMENT for dumped tables
--

--
-- AUTO_INCREMENT for table `plan_subjects`
--
ALTER TABLE `plan_subjects`
  MODIFY `pls_id` int(11) NOT NULL AUTO_INCREMENT, AUTO_INCREMENT=124;

--
-- AUTO_INCREMENT for table `plan_subject_cart`
--
ALTER TABLE `plan_subject_cart`
  MODIFY `id` int(11) NOT NULL AUTO_INCREMENT, AUTO_INCREMENT=21;

--
-- AUTO_INCREMENT for table `study_plans`
--
ALTER TABLE `study_plans`
  MODIFY `pla_id` int(11) NOT NULL AUTO_INCREMENT, AUTO_INCREMENT=18;

--
-- AUTO_INCREMENT for table `study_plan_classes`
--
ALTER TABLE `study_plan_classes`
  MODIFY `id` int(11) NOT NULL AUTO_INCREMENT, AUTO_INCREMENT=18;

--
-- AUTO_INCREMENT for table `teacher_unavailability`
--
ALTER TABLE `teacher_unavailability`
  MODIFY `una_id` int(11) NOT NULL AUTO_INCREMENT, AUTO_INCREMENT=71;
COMMIT;

/*!40101 SET CHARACTER_SET_CLIENT=@OLD_CHARACTER_SET_CLIENT */;
/*!40101 SET CHARACTER_SET_RESULTS=@OLD_CHARACTER_SET_RESULTS */;
/*!40101 SET COLLATION_CONNECTION=@OLD_COLLATION_CONNECTION */;
